1,Virge,Sworder,Virge.Sworder@ambiente.com,Zf7HWYHPH,1,1
2,Sandy,Hawick,Sandy.Hawick@ambiente.com,Oa3QDbU0M,2,2
3,Abelard,McPhaden,Abelard.McPhaden@ambiente.com,wzHzBYG8YH,3,3
4,Flint,Orrey,Flint.Orrey@ambiente.com,zlWYTOVx0f,3,4
5,Claudell,Bickardike,Claudell.Bickardike@ambiente.com,Uuvh6WoR5Px,3,5
6,Drusilla,Stockow,Drusilla.Stockow@ambiente.com,QrzZhgtTvdob,2,6
7,Natala,Frango,Natala.Frango@ambiente.com,6P2huFfYv,3,7
8,Fenelia,Durek,Fenelia.Durek@ambiente.com,8qbChpc,3,8
9,Catharina,Ayerst,Catharina.Ayerst@ambiente.com,o1pC1C7fd,1,9
10,Freeman,Leadstone,Freeman.Leadstone@ambiente.com,DnD2Pc0xhBA,1,10
11,Domini,Roglieri,Domini.Roglieri@ambiente.com,ZrS20l,1,11
12,Florry,Kytter,Florry.Kytter@ambiente.com,7mz3LTxJSZIG,1,12
13,Lory,Amar,Lory.Amar@ambiente.com,UtkA8W,2,13
14,Karina,Morrall,Karina.Morrall@ambiente.com,8ieFFc3UCG3A,3,14
15,Dion,Chartman,Dion.Chartman@ambiente.com,d3frVdTbgJDO,2,15
16,Eve,O'Haire,Eve.O'Haire@ambiente.com,gNdYTDaOH2NL,1,16
17,Roth,Harron,Roth.Harron@ambiente.com,NzyAGCC6,2,17
18,Hastings,Blint,Hastings.Blint@ambiente.com,jZk2z14,2,18
19,Arte,Haly,Arte.Haly@ambiente.com,WfjXuhN8H,3,19
20,Charlie,Petrolli,Charlie.Petrolli@ambiente.com,c4RvIj8ZoTu,1,20
21,Howie,Smewings,Howie.Smewings@ambiente.com,zsBiyMxqCM,1,21
22,Conny,Marre,Conny.Marre@ambiente.com,Uh8VpMV3NlKr,2, 22
23,Emlen,Dwire,Emlen.Dwire@ambiente.com,OvCqeDxyjP0,2,23
24,Padraig,Bushaway,Padraig.Bushaway@ambiente.com,ypnazMu,3,24
25,Laetitia,Loveless,Laetitia.Loveless@ambiente.com,6cCgS67DgUT,3,25
26,Meier,Heiss,Meier.Heiss@ambiente.com,Zaw5A9qyL,3,26
27,Sherman,Haggus,Sherman.Haggus@ambiente.com,G9HSB56W,3,27
28,Patricia,Birtchnell,Patricia.Birtchnell@ambiente.com,UAHHf9GX,2,28
29,Jada,Corde,Jada.Corde@ambiente.com,5sZXgJ,2,29
30,Cornelius,Laba,Cornelius.Laba@ambiente.com,GfiKUSxLp,3,30
31,Roxy,Schimon,Roxy.Schimon@ambiente.com,GIUKUxC,2,31
32,Kelcy,Adenet,Kelcy.Adenet@ambiente.com,V8SEkDcj8TLG,3,32
33,Shirlee,McGiven,Shirlee.McGiven@ambiente.com,3sSKjzaK,3,33
34,Kalli,Osbourn,Kalli.Osbourn@ambiente.com,DFxXcRN,1,34
35,Leighton,Ksandra,Leighton.Ksandra@ambiente.com,OTWSocB,2,35
36,Wang,Wheble,Wang.Wheble@ambiente.com,743L9I,1,36
37,Leigh,Ivanaev,Leigh.Ivanaev@ambiente.com,VIoea9hj,3,37
38,Warner,Clift,Warner.Clift@ambiente.com,2pXI6zRGg4a,1,38
39,Halsey,Cristofvao,Halsey.Cristofvao@ambiente.com,gzoYXqXk4fO,3,39
40,Robert,Ebbins,Robert.Ebbins@ambiente.com,SbwHGDJKMT,1,40
41,Taffy,Sloey,Taffy.Sloey@ambiente.com,9xrYny,3,41
42,Demeter,Cruce,Demeter.Cruce@ambiente.com,3doE1jka7,1,42
43,Claiborn,Shekle,Claiborn.Shekle@ambiente.com,TZ4UjM,1,43
44,Marietta,Haughan,Marietta.Haughan@ambiente.com,c7ZSua8TCTY,2,44
45,Johan,Tibalt,Johan.Tibalt@ambiente.com,Kmkp0hBmx,2,45
46,Cos,Stickings,Cos.Stickings@ambiente.com,8zrqEN9vADT,1,46
47,Bill,Castro,Bill.Castro@ambiente.com,nmhCK3a,3,47
48,Myrah,Meadows,Myrah.Meadows@ambiente.com,Y2RAv66ma,2,48
49,Wittie,Byford,Wittie.Byford@ambiente.com,waMVe9gTioYf,1,49
50,Linoel,Grisard,Linoel.Grisard@ambiente.com,je5cEQ7,3,50
